"","term","sumsq","meansq","NumDF","DenDF","statistic","p.value"
"1","Treatment",3.55324437679557,1.77662218839779,2,180.383363226486,6.31476609344291,0.00223501477223898
