"","Treatment","UVVR.avg","UVVR.se","Veg.avg","Veg.se"
"1","No Action",0.292833333333333,0.0321075864065073,79.8721200985978,1.52127009407114
"2","Reference",0.060875,0.0102387122157466,94.4564593641925,0.746498931931301
"3","Runnel",0.45275,0.104041792725089,77.2835834176506,2.18673126513624
