"","Sum Sq","Mean Sq","NumDF","DenDF","F value","Pr(>F)"
"UVVR.change",8496.01423325429,8496.01423325429,1,142.101753644453,512.708060863522,5.41741518984911e-49
