"","UVVR.change","Veg_PChange","std.error","conf.low","conf.high","group"
"1",-1,38.9070775934781,1.75338793043607,35.4705003988962,42.3436547880601,"1"
"2",-0.5,19.3502964144492,0.927425745887255,17.532575354175,21.1680174747235,"1"
"3",0,-0.206484764579658,0.371239736573043,-0.93410127789296,0.521131748733644,"1"
"4",0.5,-19.7632659436086,0.952612470119808,-21.6303520762671,-17.89617981095,"1"
"5",1,-39.3200471226375,1.78018910309701,-42.8091536503783,-35.8309405948966,"1"
