"","term","sumsq","meansq","NumDF","DenDF","statistic","p.value"
"1","Treatment",5813.58922636915,2906.79461318457,2,175.267222343843,23.1458535804462,1.20199157426281e-09
